"url","id","definition_it","definition_en","label_it","label_en","parent"
"https://w3id.org/italia/real-estate/controlled-vocabulary/StateProperty/CodiceMEFRaccordoSECImmobile/BA","BA","Attività non finanziarie ottenute quale prodotto dei processi di produzione. Le attività prodotte sono costituite da capitale fisso, scorte e oggetti di valore, come specificato in appresso.","Non-financial assets that have come into existence as outputs from production processes. Produced assets consist of fixed assets, inventories and valuables, as defined below.","ATTIVITÀ NON FINANZIARIE PRODOTTE","NON-FINANCIAL PRODUCTED ASSETS",""
"https://w3id.org/italia/real-estate/controlled-vocabulary/StateProperty/CodiceMEFRaccordoSECImmobile/BAAA","BA AA","Attività prodotte utilizzate ripetutamente o continuamente nei processi di produzione per più di un anno. Il capitale fisso è composto da beni materiali e beni immateriali come specificato in appresso.","Produced assets that are used repeatedly or continuously in production processes for more than one year. Fixed assets consist of tangible and intangible fixed assets, as defined below.","Capitale fisso","Fixed assets","https://w3id.org/italia/real-estate/controlled-vocabulary/StateProperty/CodiceMEFRaccordoSECImmobile/BA"
"https://w3id.org/italia/real-estate/controlled-vocabulary/StateProperty/CodiceMEFRaccordoSECImmobile/BAAAAA","BA AA AA","Capitale fisso costituito da abitazioni, fabbricati non residenziali, opere permanenti destinate alla difesa nazionale, beni immobili di valore culturale, altre opere diverse delle abitazioni e dai fabbricati, diritti reali di godimento su beni altrui, impianti attrezzature e macchinari, mobili e arredi, mezzi di trasporto, armi ed armamenti militari, materiale bibliografico, equipaggiamenti e vestiari, strumenti musicali, coltivazioni ed allevamenti nonché altri beni materiali prodotti come di seguito specificati.","Fixed assets that consist of dwellings; other buildings, permanent structures intended for national defense, immovable property of cultural value, other structures different from dwellings and buildings, rights in rem of enjoyment over property owned by others, plants, equipment and machinery, furniture and furnishings, means of transport, weapons and military armaments, bibliographic material, equipment and clothing, musical instruments, crops and livestock, as well as other produced tangible assets as specified below.","BENI MATERIALI PRODOTTI","TANGIBLE FIXED ASSETS","https://w3id.org/italia/real-estate/controlled-vocabulary/StateProperty/CodiceMEFRaccordoSECImmobile/BAAA"
"https://w3id.org/italia/real-estate/controlled-vocabulary/StateProperty/CodiceMEFRaccordoSECImmobile/BAAAAAAA","BA AA AA AA","Fabbricati utilizzati interamente o principalmente come abitazioni, comprese le costruzioni annesse, come i garage, e tutti gli impianti permanenti usualmente installati nelle abitazioni. Sono incluse altresì le case galleggianti, le chiatte, le case viaggianti e i caravan utilizzati quali residenze principali delle famiglie, come pure i monumenti storici se destinati principalmente ad abitazioni. Sono inclusi anche i costi dèi lavori di sgombero del cantiere e di preparazione del terreno.
Esempi: edifici residenziali come i fabbricati a uno o due alloggi e gli altri edifici residenziali destinati ad essere occupati stabilmente.
Le abitazioni non completate sono incluse nella misura in cui si considera che l'utilizzatore finale ne è divenuto proprietario o perché sono state costruite per uso proprio o perché è stato stipulato un contratto di compravendita.","Buildings that are used entirely or primarily as residences, including any associated structures, such as garages, and all permanent fixtures customarily installed in residences. Houseboats, barges, mobile homes and caravans used as principal residences of households are also included, as are historic monuments identified primarily as dwellings. Costs of site clearance and preparation are also included.
Examples include residential buildings, such as one- and two-dwelling buildings and other residential buildings intended for non-transient occupancy.
Uncompleted dwellings are included to the extent that the ultimate user is deemed to have taken ownership, either because the construction is on own account or as evidenced by the existence of a contract of sale/purchase.","Abitazioni","Dwellings","https://w3id.org/italia/real-estate/controlled-vocabulary/StateProperty/CodiceMEFRaccordoSECImmobile/BAAAAA"
"https://w3id.org/italia/real-estate/controlled-vocabulary/StateProperty/CodiceMEFRaccordoSECImmobile/BAAAAAAAAA","BA AA AA AA AA","Edifici residenziali situati in contesti urbani o civili, destinati a nuclei familiari, comprensivi di eventuali alloggi di servizio e strutture accessorie come garage e impianti permanenti.","Residential buildings located in urban or civil contexts, intended for family occupancy, including any service housing and ancillary structures such as garages and permanent installations.","FABBRICATI CIVILI USO ABITATIVO (INCLUSI GLI ALLOGGI DI SERVIZIO)","RESIDENTIAL BUILDINGS (INCLUDING SERVICE HOUSING)","https://w3id.org/italia/real-estate/controlled-vocabulary/StateProperty/CodiceMEFRaccordoSECImmobile/BAAAAAAA"
"https://w3id.org/italia/real-estate/controlled-vocabulary/StateProperty/CodiceMEFRaccordoSECImmobile/BAAAAAAABA","BA AA AA AA BA","Abitazioni situate in aree rurali o agricole, comprese le costruzioni annesse necessarie per la vita quotidiana, destinate a essere occupate stabilmente dalle famiglie.","Dwellings situated in rural or agricultural areas, including annexed constructions necessary for daily life, intended for stable family occupancy.","FABBRICATI RURALI USO ABITATIVO","RURAL RESIDENTIAL BUILDINGS","https://w3id.org/italia/real-estate/controlled-vocabulary/StateProperty/CodiceMEFRaccordoSECImmobile/BAAAAAAA"
"https://w3id.org/italia/real-estate/controlled-vocabulary/StateProperty/CodiceMEFRaccordoSECImmobile/BAAAAAAAEA","BA AA AA AA EA","Abitazioni pubbliche o sociali gestite dall’Istituto Autonomo Case Popolari, destinate a uso residenziale stabile di famiglie con particolari requisiti sociali o economici.","Public or social housing managed by the Autonomous Institute for Public Housing (I.A.C.P.), intended for stable residential use by families with specific social or economic requirements.","FABBRICATI GESTITI DALLO I.A.C.P.","BUILDINGS MANAGED BY I.A.C.P.","https://w3id.org/italia/real-estate/controlled-vocabulary/StateProperty/CodiceMEFRaccordoSECImmobile/BAAAAAAA"
"https://w3id.org/italia/real-estate/controlled-vocabulary/StateProperty/CodiceMEFRaccordoSECImmobile/BAAAAAAAFA","BA AA AA AA FA","Abitazioni di proprietà pubblica o sociale gestite da comuni, province o altre autorità locali, comprese le strutture accessorie e gli impianti permanenti, destinate all’uso residenziale della comunità o di specifici nuclei familiari.","Public or social housing owned by local authorities (municipalities, provinces, or other territorial entities), including ancillary structures and permanent installations, intended for residential use by the community or specific family units.","FABBRICATI GESTITI DAGLI ENTI TERRITORIALI","BUILDINGS MANAGED BY LOCAL AUTHORITIES","https://w3id.org/italia/real-estate/controlled-vocabulary/StateProperty/CodiceMEFRaccordoSECImmobile/BAAAAAAA"
"https://w3id.org/italia/real-estate/controlled-vocabulary/StateProperty/CodiceMEFRaccordoSECImmobile/BAAAAABA","BA AA AA BA","Fabbricati diversi dalle abitazioni, compresi gli impianti e le attrezzature che costituiscono parte integrante delle costruzioni e compresi i costi dei lavori di sgombero dei cantieri e di preparazione del terreno. Sono incluse opere destinate al culto, chiese, certose, abbazie escluse fondo culto. Inoltre arsenali e stabilimenti sia dell'area operativa che dell'area tecnico-industriale della Difesa. Prefabbricati situati in aree militari con destinazione di alloggi temporanei e/o di uffici, officine depositi di materiali. Caserme sino a quando non sono transitate in carico alle Agenzie del Demanio. Gli altri fabbricati non ancora completati sono inclusi nella misura in cui si considera che l'utilizzatore finale ne è divenuto proprietario o perché è stato stipulato un contratto di appalto o perché è stato stipulato un contratto di compravendita.","Buildings other than dwellings, including fixtures, facilities and equipment that are integral parts of the structures and costs of site clearance and preparation. Included are structures intended for worship—churches, charterhouses, abbeys—excluding worship-related land holdings. Also included are arsenals and facilities belonging to both the operational area and the technical-industrial area of the Defence sector. Prefabricated structures located in military areas and used as temporary housing and/or offices, workshops, and material depots. Barracks, until they are transferred to the State Property Agencies. Other buildings not yet completed are included to the extent that the final user is considered to have become the owner, either because a procurement contract has been signed or because a purchase agreement has been concluded.","Fabbricati non residenziali","Non-residential buildings","https://w3id.org/italia/real-estate/controlled-vocabulary/StateProperty/CodiceMEFRaccordoSECImmobile/BAAAAA"
"https://w3id.org/italia/real-estate/controlled-vocabulary/StateProperty/CodiceMEFRaccordoSECImmobile/BAAAAABAAA","BA AA AA BA AA","Edifici destinati a uffici pubblici, amministrazioni statali, e caserme fino al momento del trasferimento alla gestione delle Agenzie del Demanio, comprensivi di impianti e strutture permanenti.","Buildings used as public offices, state administrations, and barracks until transferred to the management of the State Property Agencies, including permanent installations and equipment.","FABBRICATI CIVILI ADIBITI A FINI ISTITUZIONALI (USO GOVERNATIVO E CASERME)","CIVIL BUILDINGS FOR INSTITUTIONAL PURPOSES (GOVERNMENT USE AND BARRACKS)","https://w3id.org/italia/real-estate/controlled-vocabulary/StateProperty/CodiceMEFRaccordoSECImmobile/BAAAAABA"
"https://w3id.org/italia/real-estate/controlled-vocabulary/StateProperty/CodiceMEFRaccordoSECImmobile/BAAAAABABA","BA AA AA BA BA","Edifici adibiti ad attività commerciali, come negozi, centri servizi e uffici privati, comprensivi delle attrezzature permanenti necessarie per il funzionamento.","Buildings used for commercial activities, such as shops, service centers, and private offices, including permanent equipment necessary for operation.","FABBRICATI COMMERCIALI","COMMERCIAL BUILDINGS","https://w3id.org/italia/real-estate/controlled-vocabulary/StateProperty/CodiceMEFRaccordoSECImmobile/BAAAAABA"
"https://w3id.org/italia/real-estate/controlled-vocabulary/StateProperty/CodiceMEFRaccordoSECImmobile/BAAAAABACA","BA AA AA BA CA","Costruzioni in aree agricole o rurali utilizzate per attività produttive diverse dall’abitazione, come stalle, magazzini agricoli e depositi di materiali.","Structures in agricultural or rural areas used for productive activities other than housing, such as stables, agricultural warehouses, and material storage facilities.","FABBRICATI RURALI","RURAL BUILDINGS","https://w3id.org/italia/real-estate/controlled-vocabulary/StateProperty/CodiceMEFRaccordoSECImmobile/BAAAAABA"
"https://w3id.org/italia/real-estate/controlled-vocabulary/StateProperty/CodiceMEFRaccordoSECImmobile/BAAAAABADA","BA AA AA BA DA","Stabilimenti industriali, officine, depositi di materiali e prefabbricati, inclusi quelli situati in aree militari destinati a uffici o alloggi temporanei.","Industrial plants, workshops, material depots, and prefabricated structures, including those located in military areas intended for offices or temporary housing.","FABBRICATI INDUSTRIALI E COSTRUZIONI LEGGERE","INDUSTRIAL BUILDINGS AND LIGHT CONSTRUCTIONS","https://w3id.org/italia/real-estate/controlled-vocabulary/StateProperty/CodiceMEFRaccordoSECImmobile/BAAAAABA"
"https://w3id.org/italia/real-estate/controlled-vocabulary/StateProperty/CodiceMEFRaccordoSECImmobile/BAAAAABAEA","BA AA AA BA EA","Edifici religiosi come chiese, certose e abbazie (escluso il fondo culto), comprese le strutture annesse e gli impianti permanenti.","Religious buildings such as churches, charterhouses, and abbeys (excluding worship-related land), including annexed structures and permanent installations.","OPERE DESTINATE AL CULTO","RELIGIOUS BUILDINGS","https://w3id.org/italia/real-estate/controlled-vocabulary/StateProperty/CodiceMEFRaccordoSECImmobile/BAAAAABA"
"https://w3id.org/italia/real-estate/controlled-vocabulary/StateProperty/CodiceMEFRaccordoSECImmobile/BAAAAABAHA","BA AA AA BA HA","Altri fabbricati non completati o con destinazioni particolari non ricomprese nelle categorie precedenti, inclusi quelli in costruzione o acquisiti tramite appalto o contratto di compravendita.","Other incomplete buildings or buildings with specific purposes not included in the previous categories, including those under construction or acquired through procurement or purchase agreements.","ALTRO","OTHER","https://w3id.org/italia/real-estate/controlled-vocabulary/StateProperty/CodiceMEFRaccordoSECImmobile/BAAAAABA"
"https://w3id.org/italia/real-estate/controlled-vocabulary/StateProperty/CodiceMEFRaccordoSECImmobile/BAAAAACA","BA AA AA CA","Fabbricati che presentano interesse artistico, storico, archeologico, paleontologico o che, a causa del loro riferimento con la storia politica, militare, della letteratura, dell'arte e della cultura in genere, siano stati riconosciuti di interesse particolarmente importante, nonché le opere di restauro (da capitalizzarsi) volte a mantenerne l'integrità materiale e ad assicurare la conservazione e la protezione dei loro valori culturali.","Buildings of artistic, historical, archaeological or paleontological interest, or which, due to their association with political or military history, literature, art, or culture in general, have been recognized as being of particularly significant interest, as well as restoration works (to be capitalized) aimed at maintaining their material integrity and ensuring the preservation and protection of their cultural value.","Beni immobili di valore culturale","Cultural real estate assets","https://w3id.org/italia/real-estate/controlled-vocabulary/StateProperty/CodiceMEFRaccordoSECImmobile/BAAAAA"
"https://w3id.org/italia/real-estate/controlled-vocabulary/StateProperty/CodiceMEFRaccordoSECImmobile/BAAAAACABA","BA AA AA CA BA","Fabbricati riconosciuti di particolare interesse per il loro valore artistico, storico, letterario o culturale, comprendendo anche opere di restauro finalizzate a mantenere l’integrità materiale e la conservazione dei loro valori culturali.","Buildings recognized as being of particular interest for their artistic, historical, literary, or cultural value, including restoration works aimed at maintaining their material integrity and ensuring the preservation and protection of their cultural significance.","BENI ARTISTICI","ARTISTIC ASSETS","https://w3id.org/italia/real-estate/controlled-vocabulary/StateProperty/CodiceMEFRaccordoSECImmobile/BAAAAACA"
"https://w3id.org/italia/real-estate/controlled-vocabulary/StateProperty/CodiceMEFRaccordoSECImmobile/BAAAAACACA","BA AA AA CA CA","Fabbricati o strutture con rilevanza archeologica o paleontologica, inclusi siti che documentano periodi storici e culture passate, comprendendo interventi di restauro per la conservazione e protezione dei beni.","Buildings or structures of archaeological or paleontological relevance, including sites documenting historical periods and past cultures, with restoration interventions intended to preserve and protect the assets.","BENI ARCHEOLOGICI","ARCHAEOLOGICAL ASSETS","https://w3id.org/italia/real-estate/controlled-vocabulary/StateProperty/CodiceMEFRaccordoSECImmobile/BAAAAACA"
"https://w3id.org/italia/real-estate/controlled-vocabulary/StateProperty/CodiceMEFRaccordoSECImmobile/BAAAAAEA","BA AA AA EA","Opere diverse dai fabbricati, compresi i costi di costruzione di strade, di posa di fognature e dei lavori di sgombero del cantiere e di preparazione del terreno diversi da quelli per fabbricati.
Si comprendono in particolare:
Vie di comunicazione: strade, autostrade, idrovie, valichi, ponti, funivie, ecc.;
Strutture e infrastrutture idrauliche: ovvero beni volti alla regolamentazione dei corsi d'acqua ed al suo corretto deflusso (dighe, argini, sistemazione corsi d'acqua, canali di irrigazione, acquedotti, fognature, ecc.);
Strade ferrate e relativi materiali di esercizio: infrastrutture, gestite direttamente o affidate a terzi in concessione governativa, di diversi punti mediante sistemi ferrovari: ferrovie, binari, materiale rotabile, ecc.;
Impianti sportivi: impianti adibiti ad attività sportive (campi di calcio, stadi, campi di tennis, palestre ginnastiche, piscine pubbliche ed altri impianti di cui lo Stato è proprietario);
A parte si comprendono infine le opere in corso di costruzione, che sono incluse qualora si considera che l'utilizzatore finale ne è diventato proprietario o perché è stato stipulato un contratto di appalto, le opere di manutenzione straordinaria e le opere per la sistemazione del suolo (ovvero interventi per dare un opportuno assetto al territorio, come bonifiche, recinzioni aree protette, rimboschimenti, ecc.).","Structures other than buildings, including the cost of the streets, sewers and site clearance and preparation other than for buildings.
These include in particular:
Transportation routes: roads, motorways, waterways, passes, bridges, cableways, etc.;
Hydraulic structures and infrastructures: assets intended for regulating watercourses and ensuring their proper flow (dams, embankments, river-training works, irrigation canals, aqueducts, sewer systems, etc.);
Railways and related operating equipment: infrastructures—managed directly or assigned to third parties under government concession—connecting various points by means of rail systems: railways, tracks, rolling stock, etc.;
Sports facilities: facilities used for sporting activities (football fields, stadiums, tennis courts, gymnasiums, public swimming pools, and other facilities owned by the State);
Also included, separately, are structures under construction, which are accounted for when the final user is considered to have become the owner, either because a procurement contract has been concluded, as well as extraordinary maintenance works and land improvement works (i.e., interventions aimed at giving the territory an appropriate structure, such as land reclamation, protected area fencing, reforestation, etc.).","Altre opere","Other structures","https://w3id.org/italia/real-estate/controlled-vocabulary/StateProperty/CodiceMEFRaccordoSECImmobile/BAAAAA"
"https://w3id.org/italia/real-estate/controlled-vocabulary/StateProperty/CodiceMEFRaccordoSECImmobile/BAAAAAEAEA","BA AA AA EA EA","Strutture destinate ad attività sportive, comprese palestre, stadi, campi da gioco, piscine pubbliche e altri impianti di proprietà dello Stato, inclusi gli impianti permanenti necessari al loro funzionamento e le opere accessorie.","Structures intended for sporting activities, including gyms, stadiums, playing fields, public swimming pools, and other state-owned facilities, including permanent installations necessary for their operation and ancillary works.","IMPIANTI SPORTIVI","SPORT FACILITIES","https://w3id.org/italia/real-estate/controlled-vocabulary/StateProperty/CodiceMEFRaccordoSECImmobile/BAAAAAEA"
"https://w3id.org/italia/real-estate/controlled-vocabulary/StateProperty/CodiceMEFRaccordoSECImmobile/BAAAAAFA","BA AA AA FA","Diritti che attribuiscono al titolare (Stato) una signoria limitata su beni di terzi.","Rights that grant the holder (the State) a limited control or authority over property owned by third parties.","Diritti reali di godimento sui beni altrui","Rights of enjoyment over property owned by others","https://w3id.org/italia/real-estate/controlled-vocabulary/StateProperty/CodiceMEFRaccordoSECImmobile/BAAAAA"
"https://w3id.org/italia/real-estate/controlled-vocabulary/StateProperty/CodiceMEFRaccordoSECImmobile/BAAAAAFAAA","BA AA AA FA AA","Diritti che attribuiscono al titolare (Stato) una signoria limitata su beni di terzi.","Rights that grant the holder (the State) a limited control or authority over property owned by third parties.","DIRITTI REALI DI GODIMENTO SU BENI ALTRUI","RIGHTS OF ENJOYMENT OVER PROPERTY OWNED BY OTHERS","https://w3id.org/italia/real-estate/controlled-vocabulary/StateProperty/CodiceMEFRaccordoSECImmobile/BAAAAAFA"
"https://w3id.org/italia/real-estate/controlled-vocabulary/StateProperty/CodiceMEFRaccordoSECImmobile/BAAABA","BA AA BA","Capitale fisso costituito da: prospezioni minerarie, software, originali di opere artistiche, letterarie o di intrattenimento o altri beni immateriali prodotti, come specificato in appresso, che si intende utilizzare per più di un anno.","Fixed assets that consist of: mineral exploration, computer software, entertainment, literary or artistic originals and other intangible fixed assets, as defined below, intended to be used for more than one year.","BENI IMMATERIALI PRODOTTI","INTANGIBLE FIXED ASSETS","https://w3id.org/italia/real-estate/controlled-vocabulary/StateProperty/CodiceMEFRaccordoSECImmobile/BAAA"
"https://w3id.org/italia/real-estate/controlled-vocabulary/StateProperty/CodiceMEFRaccordoSECImmobile/BAAABAAA","BA AA BA AA","Diritti sui beni per ricavare il maggior utile possibile.","Rights over assets aimed at deriving the maximum possible benefit.","Diritti di sfruttamento","Exploitation rights","https://w3id.org/italia/real-estate/controlled-vocabulary/StateProperty/CodiceMEFRaccordoSECImmobile/BAAABA"
"https://w3id.org/italia/real-estate/controlled-vocabulary/StateProperty/CodiceMEFRaccordoSECImmobile/BAAABAAAAA","BA AA BA AA AA","Importo delle spese per la ricerca di petrolio, di gas naturale e di giacimenti non petroliferi. Tali spese comprendono i costi precedenti all'ottenimento delle autorizzazioni, i costi per il rilascio delle autorizzazioni e i costi di acquisizione, i costi di valutazione e i costi delle effettive trivellazioni esplorative e di perforazione, come pure i costi di rilievi aerei o altre indagini, i costi di trasporto, ecc., sostenuti per rendere possibile l'esecuzione delle prospezioni.","The value of expenditures on exploration for petroleum and natural gas and for non-petroleum deposits. These expenditures include prelicence costs, licence and acquisition costs, appraisal costs and the costs of actual test drilling and boring, as well as the costs of aerial and other surveys, transportation costs, etc., incurred to make it possible to carry out the tests.","PROSPEZIONI MINERARIE","MINERAL EXPLORATION","https://w3id.org/italia/real-estate/controlled-vocabulary/StateProperty/CodiceMEFRaccordoSECImmobile/BAAABAAA"
"https://w3id.org/italia/real-estate/controlled-vocabulary/StateProperty/CodiceMEFRaccordoSECImmobile/CA","CA","Attività non finanziarie che non sono ottenute quale prodotti di processi di produzione. Le attività non prodotte sono costituite da beni materiali e beni immateriali, come specificato in appresso.","Non-financial assets that come into existence other than through processes of production. Non-produced assets consist of tangible assets and intangible assets, as defined below. ","ATTIVITÀ NON FINANZIARIE
NON PRODOTTE","NON-FINANCIAL NON-PRODUCED ASSETS",""
"https://w3id.org/italia/real-estate/controlled-vocabulary/StateProperty/CodiceMEFRaccordoSECImmobile/CAAA","CA AA","Attività non prodotte presenti in natura sulle quali possono essere esercitati diritti di proprietà, incluso il trasferimento di questi. Sono esclusi i beni legati all'ambiente sui quali non sono o non possono essere esercitati diritti di proprietà. I beni materiali non prodotti sono costituiti da beni del demanio naturale, terreni, giacimenti, risorse biologiche non coltivate.","Non-produced assets that occur in nature and over which ownership may be enforced and transferred. Environmental assets over which ownership rights have not, or cannot, be enforced are excluded. Tangible non-produced assets consist of natural state-owned assets, land, subsoil assets, non-cultivated biological resources.","Beni materiali non prodotti","Tangible non-produced assets","https://w3id.org/italia/real-estate/controlled-vocabulary/StateProperty/CodiceMEFRaccordoSECImmobile/CA"
"https://w3id.org/italia/real-estate/controlled-vocabulary/StateProperty/CodiceMEFRaccordoSECImmobile/CAAAAA","CA AA AA","Beni di proprietà dello Stato costituiti dal demanio marittimo, dal demanio idrico e forestale.","State-owned assets consisting of maritime, water, and forest public property.","BENI DEL DEMANIO NATURALE","NATURAL STATE-OWNED ASSETS","https://w3id.org/italia/real-estate/controlled-vocabulary/StateProperty/CodiceMEFRaccordoSECImmobile/CAAA"
"https://w3id.org/italia/real-estate/controlled-vocabulary/StateProperty/CodiceMEFRaccordoSECImmobile/CAAAAAAA","CA AA AA AA","Beni di proprietà dello Stato costituiti dal demanio marittimo, dal demanio idrico e forestale.","State-owned assets consisting of maritime, water, and forest public property.","Beni del demanio naturale","Natural State-Owned Assets","https://w3id.org/italia/real-estate/controlled-vocabulary/StateProperty/CodiceMEFRaccordoSECImmobile/CAAAAA"
"https://w3id.org/italia/real-estate/controlled-vocabulary/StateProperty/CodiceMEFRaccordoSECImmobile/CAAAAAAAAA","CA AA AA AA AA","Lido del mare, spiaggia, porti, rade, lagune, foci dei fiumi, bacini d'acqua, canali utilizzabili per uso pubblico marittimo, pertinenze del demanio marittimo.","Seashores, beaches, harbours, roadsteads, lagoons, river mouths, water basins, canals usable for public maritime purposes, and appurtenances of the maritime public domain.","Demanio marittimo","Maritime public domain","https://w3id.org/italia/real-estate/controlled-vocabulary/StateProperty/CodiceMEFRaccordoSECImmobile/CAAAAAAA"
"https://w3id.org/italia/real-estate/controlled-vocabulary/StateProperty/CodiceMEFRaccordoSECImmobile/CAAAAAAABA","CA AA AA AA BA","Fiumi, laghi, torrenti, rivi, fossati, colatori, acque sotterranee, acque sorgenti, ghiacciai, porti ed approdi destinati alla navigazione interna, acquedotti e canali demaniali.","Rivers, lakes, streams, creeks, ditches, drainage channels, groundwater, spring waters, glaciers, ports and landings intended for inland navigation, and public aqueducts and canals.","Demanio idrico","Water public domain","https://w3id.org/italia/real-estate/controlled-vocabulary/StateProperty/CodiceMEFRaccordoSECImmobile/CAAAAAAA"
"https://w3id.org/italia/real-estate/controlled-vocabulary/StateProperty/CodiceMEFRaccordoSECImmobile/CAAAAAAACA","CA AA AA AA CA","Patrimonio boschivo nazionale.","National forest heritage.","Foreste","Forests","https://w3id.org/italia/real-estate/controlled-vocabulary/StateProperty/CodiceMEFRaccordoSECImmobile/CAAAAAAA"
"https://w3id.org/italia/real-estate/controlled-vocabulary/StateProperty/CodiceMEFRaccordoSECImmobile/CAAABA","CA AA BA","Terreni, compresa la copertura del suolo, nonché le relative acque di superficie, su cui sono esercitati i diritti di proprietà. Sono esclusi i fabbricati o le altre opere costruite su di essi o che li attraversano, le coltivazioni, gli alberi e gli animali. I terreni sono costituiti da aree edificabili, terreni sottostanti a fabbricati e ad altre opere, terreni coltivati, parchi con relative acque di superficie, aree archeologiche e terreni sottoposti a tutela, ed altri terreni con relative acque di superficie, come specificato in appresso.","The ground, including the soil covering and any associated surface waters, over which ownership rights are enforced. Excluded are any buildings or other structures situated on it or running through it; cultivated crops, trees and animals. Land consists of building sites, land underlying buildings and structures, land under cultivation, recreational land and associated surface water, archaeological areas and protected land, and other land and associated surface water, as defined below.","TERRENI","LAND","https://w3id.org/italia/real-estate/controlled-vocabulary/StateProperty/CodiceMEFRaccordoSECImmobile/CAAA"
"https://w3id.org/italia/real-estate/controlled-vocabulary/StateProperty/CodiceMEFRaccordoSECImmobile/CAAABAAA","CA AA BA AA","Terreni, compresa la copertura del suolo, nonché le relative acque di superficie, su cui sono esercitati i diritti di proprietà. Sono esclusi i fabbricati o le altre opere costruite su di essi o che li attraversano, le coltivazioni, gli alberi e gli animali. I terreni sono costituiti da aree edificabili, terreni sottostanti a fabbricati e ad altre opere, terreni coltivati, parchi con relative acque di superficie, aree archeologiche e terreni sottoposti a tutela, ed altri terreni con relative acque di superficie, come specificato in appresso.","The ground, including the soil covering and any associated surface waters, over which ownership rights are enforced. Excluded are any buildings or other structures situated on it or running through it; cultivated crops, trees and animals. Land consists of building sites, land underlying buildings and structures, land under cultivation, recreational land and associated surface water, archaeological areas and protected land, and other land and associated surface water, as defined below.","Terreni","Land","https://w3id.org/italia/real-estate/controlled-vocabulary/StateProperty/CodiceMEFRaccordoSECImmobile/CAAABA"
"https://w3id.org/italia/real-estate/controlled-vocabulary/StateProperty/CodiceMEFRaccordoSECImmobile/CAAABAAAAA","CA AA BA AA AA","Aree per le quali sono prefigurati piani urbanistici.","Areas for which urban development plans have been envisaged.","AREE EDIFICABILI","BUILDING AREAS","https://w3id.org/italia/real-estate/controlled-vocabulary/StateProperty/CodiceMEFRaccordoSECImmobile/CAAABAAA"
"https://w3id.org/italia/real-estate/controlled-vocabulary/StateProperty/CodiceMEFRaccordoSECImmobile/CAAABAAABA","CA AA BA AA BA","Aree per le quali esistono determinati vincoli urbanistici.","Areas for which specific urban planning restrictions have been established.","AREE ASSOGGETTATE A VINCOLI URBANISTICI PREORDINATI ALL'ESPROPRIO","AREAS SUBJECT TO URBAN PLANNING RESTRICTIONS PRELIMINARY TO EXPROPRIATION","https://w3id.org/italia/real-estate/controlled-vocabulary/StateProperty/CodiceMEFRaccordoSECImmobile/CAAABAAA"
"https://w3id.org/italia/real-estate/controlled-vocabulary/StateProperty/CodiceMEFRaccordoSECImmobile/CAAABAAACA","CA AA BA AA CA","Terreni su cui sono costruiti fabbricati non residenziali, abitazioni ed altre opere o nei quali poggiano le fondazioni di questi, compresi i cortili ed i giardini considerati parte integrante di abitazioni rurali e non rurali e strade di accesso a fattorie.","Land on which dwellings, non-residential buildings and structures are constructed or into which their foundations are dug, including yards and gardens deemed an integral part of farm and non-farm dwellings and access roads to farms.","TERRENI SOTTOSTANTI A FABBRICATI ED ALTRE OPERE","LAND UNDERLYING BUILDINGS AND STRUCTURES","https://w3id.org/italia/real-estate/controlled-vocabulary/StateProperty/CodiceMEFRaccordoSECImmobile/CAAABAAA"
"https://w3id.org/italia/real-estate/controlled-vocabulary/StateProperty/CodiceMEFRaccordoSECImmobile/CAAABAAADA","CA AA BA AA DA","Terreni sui quali viene svolta, a fini commerciali o di sussistenza, una attività di produzione agricola o orticola, compresi, in linea di principio, i terreni a frutteto, a vigneto e ad altre coltivazioni.","Land on which agricultural or horticultural production is carried on for commercial or subsistence purposes, including, in principle, land under plantations, orchards and vineyards.","TERRENI COLTIVATI","LAND UNDER CULTIVATION","https://w3id.org/italia/real-estate/controlled-vocabulary/StateProperty/CodiceMEFRaccordoSECImmobile/CAAABAAA"
"https://w3id.org/italia/real-estate/controlled-vocabulary/StateProperty/CodiceMEFRaccordoSECImmobile/CAAABAAAEA","CA AA BA AA EA","Parchi, giardini per uso pubblico.","Parks and gardens for public use.","PARCHI CON RELATIVE ACQUE DI SUPERFICIE","RECREATIONAL LAND AND ASSOCIATED SURFACE WATER ","https://w3id.org/italia/real-estate/controlled-vocabulary/StateProperty/CodiceMEFRaccordoSECImmobile/CAAABAAA"
"https://w3id.org/italia/real-estate/controlled-vocabulary/StateProperty/CodiceMEFRaccordoSECImmobile/CAAABAAAFA","CA AA BA AA FA","Aree che rivestono interesse archeologico, storico, artistico, ambientale, ivi compresi i tratturi, le centuriazioni, le sostituzioni, le gallerie e simili.","Areas of archaeological, historical, artistic, or environmental interest, including ancient drove roads, Roman land divisions, underground structures, tunnels, and similar features.","AREE ARCHEOLOGICHE E TERRENI SOTTOPOSTI A TUTELA","ARCHAEOLOGICAL AREAS AND PROTECTED LAND","https://w3id.org/italia/real-estate/controlled-vocabulary/StateProperty/CodiceMEFRaccordoSECImmobile/CAAABAAA"
"https://w3id.org/italia/real-estate/controlled-vocabulary/StateProperty/CodiceMEFRaccordoSECImmobile/CAAABAAAGA","CA AA BA AA GA","Terreni non classificati altrove, compresi i giardini e le particelle di terreno non coltivate a scopo di sussistenza o commerciali, le superfici pubbliche adibite a pascolo, i terreni circondanti le abitazioni per la parte che eccede i cortili ed i giardini considerati parte integrante delle abitazioni rurali e non rurali e le connesse acque di superficie.","Land not elsewhere classified, including gardens and plots not cultivated for subsistence or commercial purposes, communal grazing land, land surrounding dwellings in excess of those yards and gardens deemed an integral part of farm and non-farm dwellings and associated surface water.","ALTRI TERRENI CON RELATIVE ACQUE DI SUPERFICIE","OTHER LAND AND ASSOCIATED SURFACE WATER","https://w3id.org/italia/real-estate/controlled-vocabulary/StateProperty/CodiceMEFRaccordoSECImmobile/CAAABAAA"
"https://w3id.org/italia/real-estate/controlled-vocabulary/StateProperty/CodiceMEFRaccordoSECImmobile/CAAACA","CA AA CA","Riserve comprovate di minerali, poste sulla superficie terrestre o al di sotto di essa, economicamente sfruttabili, considerata la tecnologia attuale ed i prezzi relativi. I giacimenti comprendono le riserve di carbone, di petrolio e di gas naturale, le riserve di minerali metalliferi e le riserve di minerali non metalliferi, come in appresso specificato.","Proven reserves of mineral deposits located on or below the earth's surface that are economically exploitable, given current technology and relative prices. Subsoil assets consist of coal, oil and natural gas reserves, metallic mineral reserves and non-metallic mineral reserves, as defined below.","GIACIMENTI","SUBSOIL ASSETS","https://w3id.org/italia/real-estate/controlled-vocabulary/StateProperty/CodiceMEFRaccordoSECImmobile/CAAA"
"https://w3id.org/italia/real-estate/controlled-vocabulary/StateProperty/CodiceMEFRaccordoSECImmobile/CAAACAAA","CA AA CA AA","Riserve comprovate di minerali, poste sulla superficie terrestre o al di sotto di essa, economicamente sfruttabili, considerata la tecnologia attuale ed i prezzi relativi. I giacimenti comprendono le riserve di carbone, di petrolio e di gas naturale, le riserve di minerali metalliferi e le riserve di minerali non metalliferi, come in appresso specificato.","Proven reserves of mineral deposits located on or below the earth's surface that are economically exploitable, given current technology and relative prices. Subsoil assets consist of coal, oil and natural gas reserves, metallic mineral reserves and non-metallic mineral reserves, as defined below.","Giacimenti","Subsoil Assets","https://w3id.org/italia/real-estate/controlled-vocabulary/StateProperty/CodiceMEFRaccordoSECImmobile/CAAACA"
"https://w3id.org/italia/real-estate/controlled-vocabulary/StateProperty/CodiceMEFRaccordoSECImmobile/CAAACAAAAA","CA AA CA AA AA","Depositi di antracite, di carbone bituminoso e di lignite; campi petroliferi e riserve di gas naturale.","Anthracite, bituminous and brown coal deposits; petroleum and natural gas reserves and fields.","RISERVE DI CARBONE, DI PETROLIO E DI GAS NATURALE","COAL, OIL AND NATURAL GAS RESERVES ","https://w3id.org/italia/real-estate/controlled-vocabulary/StateProperty/CodiceMEFRaccordoSECImmobile/CAAACAAA"
"https://w3id.org/italia/real-estate/controlled-vocabulary/StateProperty/CodiceMEFRaccordoSECImmobile/CAAACAAABA","CA AA CA AA BA","Depositi di minerali di metalli ferrosi e non ferrosi e di metalli preziosi, che non siano siti paleontologici.","Ferrous, non-ferrous and precious metal ore deposits, excluding paleontological sites.","RISERVE DI MINERALI METALLIFERI","METALLIC MINERAL RESERVES","https://w3id.org/italia/real-estate/controlled-vocabulary/StateProperty/CodiceMEFRaccordoSECImmobile/CAAACAAA"
"https://w3id.org/italia/real-estate/controlled-vocabulary/StateProperty/CodiceMEFRaccordoSECImmobile/CAAACAAACA","CA AA CA AA CA","Cave di pietra, di argilla e di sabbia; depositi di minerali, di quarzo, di gesso, di altri minerali non metalliferi diversi dal carbone e dal petrolio, che non siano siti paleontologici.","Stone quarries and clay and sand pits; mineral deposits; deposits of quartz, gypsum,other non-metallic minerals other than coal and petroleum, excluding paleontological sites.","RISERVE DI MINERALI NON METALLIFERI","NON-METALLIC MINERAL RESERVES","https://w3id.org/italia/real-estate/controlled-vocabulary/StateProperty/CodiceMEFRaccordoSECImmobile/CAAACAAA"
"https://w3id.org/italia/real-estate/controlled-vocabulary/StateProperty/CodiceMEFRaccordoSECImmobile/CAAADA","CA AA DA","Animali e piante che forniscono prodotti utilizzabili, sui quali sono esercitati diritti di proprietà, ma la cui crescita naturale e/o la cui rigenerazione non sono gestite o controllate direttamente (es. parchi protetti, zone di pesca nel territorio interno del Paese, acquacoltura).","Animals and plants that yield products over which ownership rights are enforced but for which natural growth and/or regeneration is not under direct control, responsibility and management (e.g., protected parks, fisheries within the territory of the country, aquaculture)","RISORSE BIOLOGICHE NON COLTIVATE","NON-CULTIVATED BIOLOGICAL RESOURCES ","https://w3id.org/italia/real-estate/controlled-vocabulary/StateProperty/CodiceMEFRaccordoSECImmobile/CAAA"
"https://w3id.org/italia/real-estate/controlled-vocabulary/StateProperty/CodiceMEFRaccordoSECImmobile/CAAADAAA","CA AA DA AA","Animali e piante che forniscono prodotti utilizzabili, sui quali sono esercitati diritti di proprietà, ma la cui crescita naturale e/o la cui rigenerazione non sono gestite o controllate direttamente (es. parchi protetti, zone di pesca nel territorio interno del Paese, acquacoltura).","Animals and plants that yield products over which ownership rights are enforced but for which natural growth and/or regeneration is not under direct control, responsibility and management (e.g., protected parks, fisheries within the territory of the country, aquaculture)","Risorse biologiche non coltivate","Non-Cultivated Biological Resources ","https://w3id.org/italia/real-estate/controlled-vocabulary/StateProperty/CodiceMEFRaccordoSECImmobile/CAAADA"
"https://w3id.org/italia/real-estate/controlled-vocabulary/StateProperty/CodiceMEFRaccordoSECImmobile/CAAADAAAAA","CA AA DA AA AA","Animali e piante che forniscono prodotti utilizzabili, sui quali sono esercitati diritti di proprietà, ma la cui crescita naturale e/o la cui rigenerazione non sono gestite o controllate direttamente (es. parchi protetti, zone di pesca nel territorio interno del Paese, acquacoltura).","Animals and plants that yield products over which ownership rights are enforced but for which natural growth and/or regeneration is not under direct control, responsibility and management (e.g., protected parks, fisheries within the territory of the country, aquaculture)","RISORSE BIOLOGICHE NON COLTIVATE","NON-CULTIVATED BIOLOGICAL RESOURCES ","https://w3id.org/italia/real-estate/controlled-vocabulary/StateProperty/CodiceMEFRaccordoSECImmobile/CAAADAAA"
"https://w3id.org/italia/real-estate/controlled-vocabulary/StateProperty/CodiceMEFRaccordoSECImmobile/NA","NA","Voce utilizzata quando la categoria o il parametro considerato non può essere associato al bene in esame, in quanto non pertinente alla sua natura o alla sua funzione.","Used when the category or parameter considered cannot be associated with the asset, as it is not relevant to its nature or function.","NON APPLICABILE","NOT APPLICABLE",""
"https://w3id.org/italia/real-estate/controlled-vocabulary/StateProperty/CodiceMEFRaccordoSECImmobile/ND","ND","Voce utilizzata quando il bene non presenta elementi o caratteristiche sufficienti per essere classificato in una categoria specifica all’interno del sistema di classificazione.","Used when an asset does not present sufficient elements or characteristics to be assigned to a specific category within the classification system.","NON DEFINITO","UNDEFINED",""
